{
  "project_info": {
    "project_number": "998592804102",
    "project_id": "ecommerceapk-12bdc",
    "storage_bucket": "ecommerceapk-12bdc.appspot.com"
  },
  "client": [
    {
      "client_info": {
        "mobilesdk_app_id": "1:998592804102:android:7d63444213f9738ee81a87",
        "android_client_info": {
          "package_name": "com.example.ecommerceapk"
        }
      },
      "oauth_client": [
        {
          "client_id": "998592804102-5qlvi71i71kc8v2ocgdgf9psik5h1unv.apps.googleusercontent.com",
          "client_type": 3
        }
      ],
      "api_key": [
        {
          "current_key": "AIzaSyD20Ka_B167MoGadzACOUN04DituL4WmiI"
        }
      ],
      "services": {
        "appinvite_service": {
          "other_platform_oauth_client": [
            {
              "client_id": "998592804102-5qlvi71i71kc8v2ocgdgf9psik5h1unv.apps.googleusercontent.com",
              "client_type": 3
            }
          ]
        }
      }
    }
  ],
  "configuration_version": "1"
}